{
  "nodes": {
    "submit-doubao-tts#1": {
      "contentWidth": 643.9044346546419,
      "rfNode": {
        "position": {
          "x": 0,
          "y": 26
        }
      }
    },
    "get-doubao-tts-result#1": {
      "rfNode": {
        "position": {
          "x": 710,
          "y": 0
        }
      }
    }
  },
  "pseudoNodes": {
    "input": {
      "rfNode": {
        "position": {
          "x": -378.59684399333076,
          "y": -166.11931868304686
        }
      }
    },
    "output": {
      "rfNode": {
        "position": {
          "x": 1452.7161681172424,
          "y": -118.349741994185
        }
      }
    }
  }
}